102	من هم قوم موسى؟
103	من بنى الكعبة؟
105	من هو النبي المعروف بالصبر؟
106	من كفل السيدة مريم؟
107	ما معنى الحطمة؟
108	من هو اخو سيدنا موسى؟
109	ما معنى القارعة؟
110	ما معنى الجاثية؟
111	من هم الاسباط؟
112	من هي ملكة سبأ؟
115	من هم الذين عقروا الناقة؟
116	ما عقوبة الربا؟
118	ما هي عقوبة السارق؟
119	ما هي الشجرة الملعونة؟
120	من هو النبي الذي علمه الله لغة الطير والحيوان؟
121	ما هو ميراث الام عن ولدها إن لم يكن له ولد؟
122	كم ليلة امر الله زكريا الا يكلم الناس؟
123	كم مدة عدّة المطلقة؟
125	كم عدد الاشهر الحرم؟
127	ما هي الشجرة التي يأكل منها الكفار في النار؟
128	من هو النبي الذى دخل السجن؟
129	ما هو الجبل الذي استقرت عليه سفينة نوح؟
132	كم فترة رضاعة المولود؟
133	أين كانت رحلة الاسراء والمعراج؟
136	ما حكم التعدد في الزواج؟
137	من هو ابن زكريا؟
138	من الذي لبث في بطن الحوت؟
139	ما هي عقوبة القتل خطأ؟
140	ما هي عقوبة القتل العمد؟
141	من هم المطففون؟
142	كم عدد حملة العرش؟
143	ما هو وصف الحور العين؟
144	من هو ابو سيدنا يوسف عليه السلام؟
145	من هو قارون؟
146	ما هي كفارة الظهار؟
147	ما هي كفارة اليمين؟
149	ما هو جزاء من يقول إن لله ولد؟
151	اين تقع قبلة المسلمين الأولى؟
152	في كم يوم خلق الله الكون؟
153	ما هو فضل ليلة القدر؟
154	ما هو الكتاب الذي انزل على موسى؟
155	ما هو الكتاب الذي انزل على عيسى؟
159	ما هي لغة القرآن؟
160	من هو المسيح؟
163	من الذي صنع عجلا من الحلي لبني إسرائيل؟
164	ما المخلوقات التي تسبح الله؟
201	ما هي الآيات التي تتحدث عن موضوع الوصية؟
202	ما هي الآيات التي تتحدث عن موضوع الوصية في سورة المائدة؟
204	من هم أبناء سيدنا ابراهيم عليه السلام؟
205	ماذا حدث لقابيل وهابيل؟
208	من هو ذو القرنين؟
209	ما هي الأحداث المتعلقة بذي القرنين؟
211	ما هي معجزات النبي موسى عليه السلام؟
212	من هم الحواريون؟
216	ما هي الأحداث المتعلقة بداوود عليه السلام؟
217	كم نام أهل الكهف؟
219	من  الذي عايش سيدنا عيسى عليه السلام؟
220	من هم الرسل الذين عاشوا في مصر؟
225	لماذا جعل الله معجزة سيدنا صالح الناقة؟
227	هل عاش سيدنا موسى في مصر؟
230	أين نزلت سورة العلق؟
231	ما هي انواع الحيوانات التي ذكرت في القرآن؟
232	ما هي اسماء المدن المذكورة في القرآن؟
233	ما هي قصة تسعة رهط؟
235	اين عاش قوم عاد؟
236	كيف اهلك الله قوم عاد؟
237	كيف خرج سيدنا يوسف عليه السلام من السجن؟
238	كيف اهلك الله قوم ثمود؟
240	من هم القوم الذين حولهم الله إلى قردة؟
243	من هو النبي الذي تكلم مع الهدهد؟
244	اين نزلت التوراة على سيدنا موسى؟
248	ما هي قصة اصحاب السبت؟
249	ماذا حدث لسيدنا يونس بعد ان ابتلعه الحوت ؟
251	كم استغرق سيدنا نوح عليه السلام في بناء السفينة؟
252	أين يقع الجودي؟
253	ما هي الأحداث التي وقعت بين سيدنا موسى والخضر؟
255	كم دام إبتلاء أيوب عليه السلام؟
257	ما هو سبب نزول سيدنا آدم من الجنة؟
258	من هو النبي الذي عايش طالوت؟
265	من شارك في غزوة بدر؟
266	من هم الانصار المذكورين في القرآن؟
268	من هم الذين حاربوا الرسول محمد عليه السلام في مكة؟
301	هل حجاب المرأة فرض؟
302	ما هو الجهاد؟
303	على من فُرض الجهاد في سبيل الله؟
304	ضد من فُرض الجهاد؟
306	هل يجب ذكر اسم الله على المأكل والمشرب؟
307	بماذا شبه الله الذي يُتبع الحسنة بالأذى؟
308	بماذا شبه الله الحياة الدنيا؟
310	ما هي شروط قبول التوبة؟
311	ما هو أثر الكلام الطيب؟
313	ماذا يشمل الإحسان؟
314	من هم المحسنون؟
316	ما هي مصارف الزكاة؟
317	على من تجوز الصدقة؟
323	هل حفظ القرآن عن ظهر قلب  فرض؟
324	هل تجويد القرآن فرض؟
325	ما هو البر؟
326	ماذا يشمل البر؟
327	من هم الأبرار؟
328	ما هي العلامات والدلائل التي تشير الى موعد يوم القيامة؟
332	ما هي الآيات التي تلمح إلى عذاب القبر وأهواله؟
334	كيف نفسر أوجه التناقض في أمر خروج المرأة المسلمة للقتال والصلاة في عهد رسول الله (ص) وبين ما أمروا به من بقائهن في بيوتهن والامتناع عن التبرج كتبرج الجاهلية الأولى في سورة الأحزاب آية 33؟
338	هل يوجد علاقة بين أجزاء الدّماغ وقدرات الإنسان؟
339	هل هناك فرق بين العقل والدماغ؟
341	هل ورد في القرآن إشارة لصوت ذي تأثير إيجابي على جسم الإنسان؟
343	هل الضوء هو النور في القرآن؟
344	ما هي المنافع الصحية لصلاة الفجر؟
345	هل ذكر القرآن أوقات نوم معيّنة؟
347	هل هناك إشارات في القرآن إلى كروية الأرض؟
348	لماذا تلبس المرأة المسلمة الحجاب؟
349	"لماذا قام العبد الذي آتاه الله العلم في سورة الكهف بقتل الغلام مع ان في الآية 93  من سورة النساء قال الله تعالى: ""من يقتل مؤمنا متعمدا فجزاؤه جهنم خالدا فيها وغضب اللـه عليه ولعنه وأعد له عذابا عظيما""؟"
350	ما هي الآيات التي ذكر فيها الشفاء؟
351	هل يؤثم الحاكم الذي لا يحكم بما أنزل الله وشرّع؟
354	هل  لفظ (العام) مثل لفظ (السّنة) في القرآن؟
356	ما هي أنواع الجهاد؟
357	ما هو فضل الجهاد في سبيل الله؟
358	هل هناك فرق بين فرض العين وفرض الكفاية؟
361	ما الدلائل على أن هناك اختلاف بين الرسول  والنبي؟
362	هل استخدم لفظ (المطر) في القرآن للعذاب فقط؟
363	هل كلمة (صوم) في القرآن لا تعني صياما عن الأكل والشرب؟
364	"لماذا سيُحاسب ويُعذب الضال يوم القيامة ان كان ""من يضلل الله فما له من هاد"" كما ورد من قوله تعالى في آية 23 و آية 36 من سورة الزمر؟"
365	هل هناك إشارات في القرآن عن نهاية الكيان الصهيوني؟
367	من هم الشفعاء؟
368	ما هي عقوبة من يتهم المرأة بالزنا بغير دليل؟
369	ما الدلائل على أن المسيح لم يصلب؟
370	ما هي شروط الشفاعة؟
371	هل كان سيدنا يوسف عليه السلام رسولا أم نبيا؟
372	ما الدلائل على أن القرآن ليس من تأليف سيدنا محمد (ص)؟
373	هل سيدنا محمد (ص) هو أول المسلمين؟
374	كيف يكون سيدنا محمد (ص) هو أول المسلمين (الأنعام:163 و غافر: 12) مع أن سيدنا إبراهيم كان حنيفا مسلما قبله (آل عمران:67)؟
391	اتهم القرآن بأنه السبب في الدكتاتورية الإسلامية لكونه أباح سبي النساء، كيف نرد على ذلك؟
375	لماذا لا تعادل شهادة مرأة واحدة بشهادة رجل واحد في الأمور المالية أو ما هو متعلق بالأمور المالية؟
376	هل تجوز شهادة أربعة نساء بدلا من رجلين في الأمور المالية أو ما هو متعلق بالأمور المالية؟
378	إن كان الله قدّر علي أفعالي فلماذا يحاسبني؟
379	لماذا يتوضأ المسلمون؟
380	ما الغاية من الوضوء قبل الصلاة؟
381	مقاتلو داعش مثلا أو المفسدون في الأرض من التنظيمات الإرهابية، يتوضؤون أيضا، فهل هذا يجعلهم أطهارا؟
382	لو كان الوضوء للنظافة، لماذا علينا إعادته بعد خروج الريح؟
385	مع أن السؤال هو أساس كل العلوم، لماذا نهى الله المؤمنين عن طرح الأسئلة كما جاء في سورة المائدة آية 101؟
387	ألا يعد تكليف المؤمن بالثبات أمام عشرة (الأنفال:65) تكليفا بما لا يطاق؟
388	"هل التعبير ""الآن خفف الله عنكم وعلم أن فيكم ضعفا"" (الأنفال:66) يعني بأن الله لم يكن يعلم وهو من المفترض أن الله عالم بالغيب؟"
389	ما الدليل على أن القرآن صالح لكل مكان وزمان؟
392	اتهم القرآن بأنه السبب في الدكتاتورية الإسلامية لكونه أباح ضرب  النساء في حالة النشوز، كيف نرد على ذلك؟
393	اتهم القرآن بأنه السبب في الدكتاتورية الإسلامية لكونه أباح التكفير وقتال الكفار حتى يسلموا، كيف نرد على ذلك؟
394	اتهم القرآن بأنه السبب في الدكتاتورية الإسلامية لكونه فرض الجزية على غير المسلمين، كيف نرد على ذلك؟
395	لماذا حرم الله التبني؟
396	لماذا أباح القرآن حرمة الأشهر الحرم؟
398	هل بعثة النبي محمد تشمل الجن مع الإنس؟
399	هل تحدث سيدنا محمد مع الجن؟
400	متى يحل الإسلام دم الشخص؟
401	هل أخبر القرآن عن الذرّة؟
402	هل ذكر القرآن أن الإنجيل تم تحريفه؟
404	هل مات المسيح بالفعل؟
405	هل أشار القرآن الى نقص الأكسجين في المرتفعات؟
407	هل ذكر القرآن أن التوراة تم تحريفها؟
408	ما حكم من يرتد عن دين الإسلام؟
409	هل تحدثت الحيوانات في القرآن؟
410	هل يجوز معاملة أهل الكتاب بالبر والحسنى؟
411	هل لم يتغير أي حرف من القرآن؟
412	لماذا لم يساوِ الإسلام بين الرجل والمرأة في الشهادة أمام القاضي؟
413	هل يجوز سبي النساء واسترقاقهن كما تفعله بعض الجهات المنتسبة للإسلام بالباطل؟
414	لماذا لا يكتفي المسلمون بالقرآن الكريم ويلجأون للسنة أيضاً؟
415	هل هناك إسلام بدون الحديث الشريف؟
416	هل الإسلام دين سلام؟
417	هل سمح الإسلام بحرية الاعتقاد بالدخول إلى الإسلام؟
418	سمح الإسلام بحرية الاعتقاد بالدخول إلى الإسلام (لا إكراه في الدين)، ولكن لماذا رفض لمن دخل في الإسلام الخروج منه ولم يجعله حراً؟
421	هل وجود قراءات مختلفة للقرآن لا يعني تحريفه؟
422	ما هي الأماكن التي ذُكرت في القرآن كأماكن مقدسة؟
423	لماذا لم يتم حذف الآيات المنسوخة من القرآن؟
425	هل سيدنا محمد هو أفضل الأنبياء؟
426	هل حذر القرآن المؤمنين من اتخاذ أهل الكتاب أولياء لهم؟
427	بأي طريقة حث القرآن المؤمنين على مجادلة أهل الكتاب؟
1000	"متى أول مرة أطلق على الرشوة اسم ""هدية""؟"
1001	وردت كلمة الروح في القرآن الكريم على أوجه مختلفة، فما هي؟
1002	"ماهي الآية الكريمة التي اقتبس منها جرير قوله:""فلا هو في الدنيا مضيع نصيبه ولا عرض الدنيا عن الدين شاغله""؟"
1003	"ماهي الآية الكريمة التي اقتبس منها جرير قوله:""وحبل الله تعصمكم قواه فلا تخشوا لعروته انفصاما""؟"
1004	"قال عبد الرزاق عن قتادة: إن رسول الله صلى الله عليه وسلم قال: ""بلغوا عن الله فمن بلغته آية من كتاب الله فقد بلغه أمر الله""، ماهي الآية التي توافق هذا المعنى؟"
1005	"يقول ابن كثير في تفسير الآية: ""ملك يسوقه إلى المحشر، وملك يشهد عليه بأعماله"" فما هي الآية؟"
1006	جاء في القرآن الكريم إطلاق كلمة الوفاة على النوم في آية كريمة، فما هي؟
1007	ماهي الآيات التي جاء فيها الظن بمعنى اليقين في القرآن الكريم؟
1008	هل هناك آية في القرآن الكريم أشارت إلى الفراسة في الناس؟
1009	هل جاء المطر في القرآن الكريم بمعنى العذاب؟
1010	هل جاء المطر في القرآن الكريم بمعنى الغيث؟
1011	ماهو وحي النبوة؟
1012	ماهو وحي الإلهام والإرشاد؟
1013	عن ابن مسعود قال: خط لنا رسول الله صلى الله عليه وسلم خطا قفال: هذا سبيل الله، ثم خط عن يمين ذلك الخط وعن شماله خطوطا فقال: هذه سبل، على كل سبيل منها شيطان يدعوا إليها، ثم قرا هذه الآية وذكرها، فما الآية التي فسرها وذكرها رسول الله صلى الله عليه وسلم؟
1014	يقول ابن عباس في تفسير الآية: هو الرجل يكون جالسا مع الناس، فتمر المرأة فيسارقهم النظر اليها فما الاية التي فسرها ابن عباس؟
1015	في أي موضع جاءت الفحشاء بمعنى البخل؟
1016	قال ابن عباس في تفسير آية: الكلام الطيب: ذكر الله، والعمل الصالح: أداء فرائضه، فمن ذكر الله وأدى فرائضه صعد به إلى الله، ومن ذكر الله ولم يؤد فرائضه رد كلامه على عمله، فما هي هذه الاية؟
1017	الوفاة نوعان:صغرى وكبرى، فالوفاة الصغرى تكون بالنوم، لان النايم كالميت لا يسمع ولا يبصر ولا يحس بما حوله، والوفاة الكبرى هي قبض الروح من الجسد بواسطة الملائكة، ماهي الاية الكريمة التي اشارت الي النوعين؟
1018	ماهي الآية التي قال عنها ابن عباس: ادفع بحلمك جهل من يجهل عليك. وقال عنها ابن كثير: اذا احسنت إلى من أساء إليك، قادته الحسنة إلى مصافاتك وصحبتك، حتى يصير كأنه قريب منك؟
1019	ماهي الآية التي قال عنها ابن القيم في كتاب الفوائد: النفس الشريفة العلية لا ترضى بالظلم ولا بالفواحش ولا بالسرقة والخيانة، لأنها أكبر من ذلك وأجل، والنفس المهينة الحقيرة عكس ذلك، فكل نفس تميل إلى ما يناسبها؟
1020	اذا اجتمع الصبر واليقين اورثنا الامامة في الدين، هذا معنى آية في كتاب الله عز وجل، فما هي؟
1021	قال سيد قطب رحمه الله: من الناس من يعتز بالحق ان كان من عمله، فإذا جاء بالحق من غيره انقلب عليه وتنكر له. ورد هذا المعنى في آية كريمة، فما هي؟
1022	قال سيد قطب رحمه الله: ومن الناس من يحب أن يصفق له ويرحب به ويؤشر إليه. ورد هذا المعنى في آية كريمة، فما هي؟
1023	قال سيد قطب رحمه الله: وكم ومن الذين يأكلون على جميع الموائد ويتظاهرون أنعم أولياء كل فريق وبأنهم ضروريون لكل فريق. ورد هذا المعنى في آية كريمة، فما هي؟
1024	سئل الحسين بن الفضل، هل تجد في كتاب الله تعالى ما يدل على (خير الأمور أوسطها)؟
1025	سئل الحسين بن الفضل، هل تجد في كتاب الله تعالى ما يدل على (من جهل شيئا عاداه)؟
1026	سئل الحسين بن الفضل، هل تجد في كتاب الله تعالى ما يدل على (احذر شر من أحسنت إليه)؟
1027	سئل الحسين بن الفضل، هل تجد في كتاب الله تعالى ما يدل على (ليس الخير كالمعاينة)؟
1028	سئل الحسين بن الفضل، هل تجد في كتاب الله تعالى ما يدل على (في الحركة بركة)؟
1029	هل هناك آية قرآنية تدل على (كما تدين تدان)؟
1030	هل هناك مايدل من القرآن على (ازرع تحصد)؟
1031	هل هناك من القرآن مايدل على (لا يلدغ المؤمن من جحر مرتين)؟
1032	هل يوجد في القرآن الكريم ما معناه (من اعان ظالما سلط عليه)؟
1033	هل يوجد في القران مايدل علي (لكل ساقطة لاقطة)؟
1034	هل يوجد في القرآن: (الأطراف مدارك الأشراف)؟
1035	هل يوجد في القران الكريم ما يدل على (للحطيان آذان)؟
1036	لماذا يرزق الله الكافرين وهم كافروه به وبرسله؟
1037	هل يوجد في القران الكريم ما يدل على (من صبر على جاره أورثه الله داره)؟
1038	هل يوجد في القران الكريم ما يدل على (الحلال لا يأتيك إلا قوتا، والحرام يأتيك جزافا)؟
1039	هل يوجد في القران الكريم ما يدل على (الناس في الباطل اخوان)؟
1040	هل يوجد في القران الكريم ما يدل على (اذا حضرت الملائكة هربت الشياطين)؟
1041	هل يوجد في القران الكريم ما يدل على (الممنوع مرغوب)؟
1042	هل يوجد في القران الكريم ما يدل على (من لا يأتي بدهن اللوز يأتي بحطبه)؟
1043	هل يوجد في القران الكريم ما يدل على (كرامة عين تكرم ألف عين)؟
1044	هل يوجد في القران الكريم ما يدل على (الخبر الصالح يأتي به الرجل الصالح والخبر السيئ يأتي به الرجل السيئ)؟
1045	هل يوجد في القران الكريم ما يدل على (وعند صفو الليالي يحدث الكدر)؟
1046	هل يوجد في القران الكريم ما يدل على (الرفيق قبل الطريق)؟
1047	هل يوجد في القران الكريم ما يدل على (لا تلوم الا نفسك)؟
1048	هل يوجد في القران الكريم ما يدل على (الناس مثل ابائهم)؟
1049	هل يوجد في القران الكريم ما يدل على (مصائب قوم عن قوم فوائد)؟
1050	هل يوجد في القران الكريم ما يدل على (من حفر حفرة أو بئرا لأخيه وقع فيه)؟
1051	هل رغب الاسلام في الزواج؟
1052	ما المقاييس التى ذكرت فى القرآن الكريم ؟
1053	ما ألفاظ العمليات الحسابية التى ذكرت فى القرآن الكريم ؟
1054	ما الاتجاهات التي ذكرت في القرآن الكريم؟
1055	ما أنواع النفس التي ذكرت في القرآن؟
1056	ما الآية التي ذكر فيها مسجدين؟
1057	ما هي الآية الوحيدة في القرآن الكريم التي بدأت بحرف الظاء؟
1058	ما أول ما نزل من القرآن الكريم؟
1059	ماهي الأودية التي ذكرت في القرآن الكريم؟
1060	ماهو عدد خزنة جهنم؟
1061	ما الآية التى ذكر بها أكبر عدد من أسماء الله الحسنى ؟
1062	ما أشجار الجنة التي ذكرت في القرآن؟
1063	ماهي الآلهة المعبودة من دون الله المذكورة في القرآن؟
1064	ماهي الآية التي تدل على أن سيدنا محمد صلى الله عليه وسلم هو خاتم النبيين؟
1065	هل ذكر الخبز في القرآن الكريم؟
1066	هل الزواج سبيلا للغنى ويمد الانسان بالقوة التي تجعله قادرا على التغلب على اسباب الفقر؟
1067	هل أشار القرآن الكريم على الذرية الصالحة؟
1068	هل أشار القرآن الي قوة الارتباط بين الزوجين؟
1069	هل اشار القران الي الصفات المرغوبة في الزوجة؟
1070	هل اشار القران الي الصفات المرغوبة في الزوج؟
1071	هل حرم الله الزواج من المشرك أو المشركة؟
1072	ما الدليل من كتاب الله عز وجل على جواز نكاح زوجة الابن المتبنى اذا طلقها او فارقها؟
1073	المهر في الشريعة الاسلامية هدية وهبة وعطية، وليس له قدر محدد، لان الناس يختلفون في الغنى والفقر، ويختلفون في السعة والضيق، فتركتب الشريعة التحديد ليعطي كل واحد على قدر طاقته وحسب حالته، وقد اتفق الفقهاء علي انه لا حد لأكثر المهر، فما هي الآية التي ذكرت ذلك؟
1074	هل حث القران الكريم المرأة على التعلم والتعليم؟
1075	يقول الطبري عن المهر في تفسيره: اعطوا النساء مهورهن عطية واجبة وفريضة لازمة، فإن طابت لكم أنفسهن بشيء من المهر فكلوه هنيئا مريئا. وقد ذكر المهر في ايات كثيره فما هي؟
1076	هل حرم الله الجمع بين الأختين في الزواج؟
1077	هل فرض الله على الرجل الإنفاق على زوجته وأولاده؟
1078	من هن المحرمات من النساء بسبب المصاهرة؟
1079	للرجال درجة من القوامة على النساء بسبب ما منحهم الله من العقل والتدبير وخصهم به من الكسب والإنفاق. هل هناك ما يدل على ذلك من القرآن الكريم؟
1080	كيف أشار الله في كتابه العزيز عن متى وكيف وأين يأتي الرجل زوجته، وهو مكان الحرث والذرية، في قبلها لا في دبرها، وهي طاهرة من الحيض، كيف شاء من وجوه المأتى، فما الايات التي أشارت الي هذا الأمر؟
1081	هل خص القرآن الأمهات بالاحسان والبر أكثر من الاباء؟
1082	الانفاق حيث وقع في القران فهو الصدقة، إلا في آية واحدة فإن المراد به المهر، وهو صدقة في الأصل تصدق الله بها على النساء، فما هي الآية التي اشارت إلى ذلك؟
1083	ما كفارة الظهار من كتاب الله تعالى؟
1084	هل يجوز التلميح للمرأة بالرغبة في الزواج منها؟
1085	هل يستطيع الرجال العدل بين النساء ولو كانوا حريصين على ذلك؟
1086	هل اشار القرآن الي علاج المرأة اذا اساءت عشرة زوجها، وركبت رأسها، وطغت وبغت؟
1087	هل نهى الله عز وجل عن تأخير او الامتناع عن الزواج اذا كان الرجل قادر على الزواج؟
1088	الحجاب مفروض على جميع نساء المؤمنين وهو واجب شرعي محتم، وبنات الرسول ونساؤه هن الأسوة والقدوة لسائر النساء، والجلباب الشرعي يجب أن يكون ساتراً للزينة والثياب ولجميع البدن، والحجاب لم يفرض على المسلمة تضييقاً عليها، وإنما تشريفاً لها وتكريماً وصيانةً لها وحمايةً للمجتمع من ظهور الفساد، وانتشار الفاحشة. ما هي النصوص الواردة في الحجاب؟
1089	هل هناك من كتاب الله مايدل على أن الزواج شركة مقدسة طرفها الزوجان؟
1090	كيف يكون عدل الإسلام في حال طلق الرجل زوجته قبل الدخول بها، ولم يفرض لها صداقًا، وما الحكم الشرعي المتعلق بمتعتها في هذه الحالة؟
1091	هل يوجد عدة للمطلقة قبل الدخول بها؟
1092	ما واجب الرجل إذا ولدت مطلقته ورضيت أن ترضع ابنهما، وما الآية الكريمة التي تشير إلى ذلك؟
1093	ما الآية الكريمة التي أشارت إلى حرمة عقد النكاح على المعتدة في حالة العدة وفساد هذا العقد؟
1094	ما الآية الكريمة التي أشارت إلى أن المطلقة قبل الدخول بها لها نصف المهر إذا كان المهر مذكورًا؟
1095	ما الآية الكريمة التي أشارت إلى أن المعتدة يجب أن تقعد في منزل زوجها ولا يجوز لها أن تخرج حتى ولو أذن لها زوجها بذلك؟ وما حكم هذا الأمر في الشريعة؟
1096	ما الحكم الشرعي إذا أراد الرجل تطليق امرأته والزواج من أخرى، وهل يحق له استرجاع شيء من مهرها بعد أن وصلا إلى المباشرة والجماع؟
1097	ما عدة الزوجة الحامل اذا طلقت او توفي عنها زوجها؟
1098	ما عدة المتوفي عنها زوجها اذا لم تكن حامل؟
1099	ما عدة الزوجة غير المدخول بها وقد مات عنها زوجها؟
1100	ما عدة الزوجة اذا كانت مدخولا بها ومن ذوات الحيض؟
1101	ما عدة المطلقة غير الحائض؟
1102	ورد وصف كيد النساء في ثلاثة مواضع من القرآن الكريم، مرتين على لسان يوسف عليه السلام، ومرة على لسان العزيز. فما هي الآيات التي تشير إلى ذلك؟
1103	ما الآية الكريمة التي أشارت إلى أن المسلم لا ينبغي له أن يتبرم أو يتلقى ذرية البنات بالعبوس والانقباض؟
1104	كيف يوضح القرآن الكريم المساواة بين المرأة والرجل في الأجر والثواب عن العمل، وما الذي يشير إلى أهمية الإخلاص في العمل لله تعالى؟
1105	ما الدليل من كتاب الله عز وجل على أن الإسلام قد سوى بين الرجل والمرأة في القيمة الإنسانية، وأنهما خلقا من نفس واحدة لا فرق بينهما في الأصل والفطرة؟
1106	ما الآية الكريمة المكونة من ثلاث كلمات اشتملت على جميع ما في الرسالة؟
1107	أقسم الله تعالى في إحدى السور أحد عشر قسما متواليا ولا يوجد في القرآن بأكمله أقسام متوالية على هذا النسق البديع، فما هي الايات ؟
1108	هل يوجد في القرآن آية جمعت الخبر والطلب والاثبات والنفي والتأكيد والبشارة والنذارة والوعد والوعيد؟
1109	ما هي الآية الغنية بضروب البديع التي جمعت بين الفصاحة وخلوها من البشاعة وعقدة التركيب، وذُكر أن فيها عشرين ضَرْبًا من البديع؟
1110	ماهي الآية اللتي فيها أمران ونهيان وخبران وبشارتان؟
1111	جاء في الاتقان للسيوطي ان اعرابيا لما سمع هذه الاية وذكرها سجد وقال: سجدت لفصاحة هذا الكلام، فما هي الاية الكريمة التي هزت الاعرابي وسجد لفصاحتها؟
1112	في آيتين كريمتين من آيات القرآن الكريم تكرر حرف العطف (أو) إحدى عشرة مرة في كل من الآيتين الكريمتين، ولم تكن غرابة ولا تنافر ولا تكرار للمعاني، وهذا من إعجاز القران البياني، فما هي السورة، وما الآيتان اللتان ورد فيهما التكرار؟
1113	في إحدى سور القرآن الكريم تكررت كلمة (لولا) سبع مرات في سبع آيات، ولم تكن غرابة، ولا تنافر، ولا تكرار للمعاني، وهذا من إعجاز القرآن البياني، فما هي السورة، وما هي الآيات؟
1114	 في آية موجزة بليغة وصف الله تعالى خمر أهل الجنة وصفا جمع فيه جميع عيوب الخمر في الدنيا من الصداع وذهاب العقل ونفاد المال وأنّ أهل الجنة لا يصيبهم ذلك أبدا، فما هي هذه الآية الكريمة؟
1115	 قيل عن الآية: أمر فيها ونهى وأخبر ونادى ونعت وسمّى وأهلك وأبقى وأسعد وأشقى وقصّ من الأنباء ما لو شرح ما اندرج في هذه الجملة من بديع اللفظ والبلاغة والإيجاز والبيان لجفّت الأقلام، وقد أفردت بلاغة هذه الآية بالتأليف. وفي العجائب للكرماني: أجمع المعاندون على أن طوق البشر قاصر عن الإتيان بمثل هذه الآية بعد أن فتشوا جميع كلام العرب والعجم فلم يجدوا مثلها في فخامة ألفاظها وحسن نظمها وجودة معانيها في تصوير الحال مع الإيجاز من غير إخلال. فما هذه الآية الكريمة؟
1116	آية كريمة من آيات القرآن الكريم مكونة من أربع كلمات دلّت على جميع ما أخرجه سبحانه وتعالى من الأرض قوتا ومتاعا للأنام، من العشب، والشجر، والحب، والثمر، والعصف، والحطب، واللباس، والنار، والملح، لأن النار من العيدان، والملح من الماء، فما هي الآية؟
1117	آية كريمة من آيات القرآن الكريم دلّت على قدرة الله ولطفه ووحدانيته، لأنه لو كان ظهور الثمرة بالماء والتربة، لوجب في القياس ألا تختلف الطعوم والروائح، ولا يقع التفاضل في الجنس الواحد إذا نبت في مغرس واحد، ولكنه صنع اللطيف الخبير. فما هي هذه الآية الكريمة؟
1118	 ليس في القرآن الكريم حاء بعد حاء إلا في موضعين، فما هما؟
1119	آية كريمة من آيات القرآن الكريم جاء فيها حرف (غ) بعد (غ) بلا حاجز في موضع واحد، فما هي الآية الكريمة؟
1120	 ليس في كتاب الله تعالى كافان في كلمة واحدة لا حرف بينهما إلا في موضعين، فما هما؟
1121	آية كريمة من آيات القرآن الكريم فيها ستة عشر ميما، فما هي؟
1122	 آية كريمة من آيات القرآن الكريم فيها ثلاثة وثلاثون ميما، فما هي؟
1123	سئل الكسائي: كم آية في القرآن أولها شين؟ فأجاب: أربع آيات، فما هي؟
1124	 وسئل الكسائي: كم آية آخرها شين؟ فأجاب: اثنتان، فما هما؟
1125	سئل ابن مجاهد: كم في القرآن من قوله: (إلّا غرورا)؟ فأجاب: في أربعة مواضع، فما هي؟
1126	آية كريمة من آيات القرآن الكريم اشتملت على سبعة عشر موضعا فيها اسم الله ظاهرا في بعضها، ومستكنا في بعض، فما هي؟
1127	 سورة المائدة مدنية، إلّا آية واحدة منها فإنها نزلت بمكة يوم عرفة، من حجة الوداع يوم الجمعة، فما هي هذه الآية؟
1128	ما هي الآية الكريمة التي نزلت بعسفان؟
1129	آية كريمة من آيات القرآن الكريم، نزلت على رسول الله صلّى الله عليه وسلّم في منى في حجة الوداع، فما هي هذه الآية الكريمة؟
1130	آية كريمة من آيات القرآن الكريم نزلت مرة واحدة، شيّعها عشرون ألف ملك، فما هي هذه الآية الكريمة؟
1131	 ما هي الآية الكريمة التي نزلت على رسول الله صلّى الله عليه وسلّم بحمراء الأسد، عقب غزوة أحد؟
1132	 آية كريمة من آيات القرآن الكريم نزلت بالحديبية حين صالح النبي صلّى الله عليه وسلّم أهل مكة، فقال رسول الله صلّى الله عليه وسلّم لعلي: اكتب: (بسم الله الرحمن الرحيم)، فقال سهيل بن عمرو: ما نعرف الرحمن الرحيم؛ ولو نعلم أنك رسول الله لاتبعناك، فأنزل الله تعالى آية، فما هي؟
1133	قال الماوردي في سورة النساء: هي مدنية إلا آية واحدة نزلت في مكة في عثمان بن طلحة حين أراد النبي صلّى الله عليه وسلّم أن يأخذ منه مفاتيح الكعبة ويسلمها إلى العباس، فما هي الآية؟
1134	ماهي الشجرة الملعونة في القرآن؟
1135	هل في القرآن آية ذكر فيها مسجدين؟
1136	ماهو أضعف بيت ذكر في القرآن الكريم
1137	ما الانهار التي ذكرت في القران وليس بها ماء؟
1138	بماذا وصف الله – تعالى – اليهود فى القرآن الكريم ؟
1139	ما الآية الوحيدة فى القرآن الكريم التى بدأت بحرف الدال ؟
1140	ما الآية الوحيدة فى القرآن الكريم التى بدأت بحرف الظاء ؟
1141	ما أول أمر نزل فى القرآن الكريم ؟
1142	كم عدد الايام التي خلق الله فيها السماوات والارض؟
1143	من هو الملك الذي أمر بإلقاء النمرود في النار؟
1144	من هو الصحابي الذي لقب بالفاروق؟
1145	من أول من جمع القرآن الكريم؟
1146	كم عدد الصلوات المفروضة في اليوم؟
1147	من هو أول خليفة في الإسلام؟
1148	ما هي السورة التي تُقرأ في كل ركعة في الصلاة؟
1149	من هي أول امرأة دخلت الإسلام؟
1150	من هو النبي الذي لقب بأسد الله؟
1151	من هو أول سفير في الإسلام؟
1152	كم كان عمر النبي صلى الله عليه وسلم عندما توفيت والدته؟
1153	من هو الصحابي الذي أطلق عليه لقب سيف الله المسلول؟
1154	ما هي قصة هجرة النبي صلى الله عليه وسلم من مكة إلى المدينة؟
1155	من هو الصحابي الذي هاجر إلى الحبشة وكان متحدثًا باسم المهاجرين؟
1156	ما هو عدد الغزوات التي خاضها الرسول صلى الله عليه وسلم؟
1157	من هو أول مؤذن في الإسلام؟
1158	كيف تمت بيعة العقبة الأولى والثانية؟
1159	ما هي الشروط التي تمت في صلح الحديبية؟
1160	من هو الصحابي الذي لقب بأمين هذه الأمة؟
1161	من هو الصحابي الذي نام في فراش النبي صلى الله عليه وسلم ليلة الهجرة؟
1162	ما هي أسماء بنات النبي صلى الله عليه وسلم؟
1163	من هو الصحابي الذي قتل أبا جهل في غزوة بدر؟
1164	ما هو اسم والد الرسول صلى الله عليه وسلم؟
1165	ما هو عدد زوجات النبي صلى الله عليه وسلم؟
1166	من هي أم المؤمنين التي كانت تعرف بأم المساكين؟
1167	ما هي أشهر المعارك التي خاضها المسلمون في السنة الثانية للهجرة؟
1168	من هو القائد الذي فتح مدينة القدس في عهد الخليفة عمر بن الخطاب؟
1169	من هو الصحابي الذي تزوج ابنتي النبي صلى الله عليه وسلم؟
1170	ما هو لقب حمزة بن عبد المطلب؟
1171	"من هو الصحابي الذي دعا له النبي صلى الله عليه وسلم فقال: ""اللهم فقهه في الدين""؟"
1172	ما هو اسم الغار الذي اختبأ فيه النبي صلى الله عليه وسلم وأبو بكر الصديق أثناء الهجرة؟
1173	من هو الصحابي الذي بشره النبي صلى الله عليه وسلم بالجنة دون أن يصلي ركعة واحدة؟
1174	ما هي المعركة التي جُرح فيها النبي صلى الله عليه وسلم وكُسرت رباعيته؟
1175	من هو الصحابي الذي قاد سرية مؤتة بعد استشهاد القادة الثلاثة؟
1176	من هو أول من دفن في البقيع من الصحابة؟
1177	ما هي أسماء أحفاد النبي صلى الله عليه وسلم من ابنته فاطمة؟
1178	"من هو الصحابي الذي قال عنه النبي صلى الله عليه وسلم: ""لقد أوتي مزمارًا من مزامير آل داود""؟"
1179	من هو الصحابي الذي لقب بحبر الأمة؟
1180	من هو أول من كتب الوحي للنبي ﷺ؟
1181	ما هي أول غزوة غزاها النبي صلى الله عليه وسلم؟
1182	من هو الصحابي الذي اشترى بئر رومة وجعلها وقفًا للمسلمين؟
1183	من هي الصحابية التي دافعت عن النبي صلى الله عليه وسلم في غزوة أحد؟
1184	ما هي أسماء أصحاب الشجرة الذين بايعوا النبي صلى الله عليه وسلم في بيعة الرضوان؟
1185	من هو الصحابي الذي حمى النبي صلى الله عليه وسلم بجسده يوم أحد حتى شُلّت يده؟
1186	ما هي السورة التي كان يحبها النبي صلى الله عليه وسلم ويقرأها يوم الجمعة؟
1187	من هو الصحابي الذي أسلمت أمه بعد أن دعا لها النبي صلى الله عليه وسلم؟
1188	من هو الصحابي الذي قتل مسيلمة الكذاب؟
1189	ما هو اسم الجبل الذي وقعت عنده غزوة أحد؟
1190	"من هو الصحابي الذي أطلق عليه لقب ""خطيب الرسول""؟"
1191	من هو الصحابي الذي لقب بأسد الله؟
1192	"ما هي السورة التي تسمى ""قلب القرآن""؟"
1193	من هو الصحابي الذي كان أول من رمى بسهم في سبيل الله؟
1194	من هو الصحابي الذي كان يُلقب بالطيب المطيب؟
1195	ما هي السورة التي نزلت في معركة بدر؟
1196	"من هو الصحابي الذي قال عنه النبي صلى الله عليه وسلم: ""يمشي وحده ويموت وحده ويبعث وحده""؟"
1197	ما هو الاسم الكامل للصحابي أبو هريرة؟
1198	من هو الصحابي الذي أرسله النبي صلى الله عليه وسلم إلى ملك الحبشة؟
1199	من هو الصحابي الذي كان يفتي في المدينة في حياة الرسول صلى الله عليه وسلم؟
1200	من هو الصحابي الذي قاد جيش المسلمين في معركة القادسية؟
1201	من هو الصحابي الذي كان يُعرف بحب النبي صلى الله عليه وسلم؟
1202	من هو الصحابي الذي تولى إمارة مكة بعد فتحها؟
1203	ما هي الغزوة التي حدثت فيها معجزة تكثير الطعام؟
1204	من هو الصحابي الذي دعا له النبي صلى الله عليه وسلم بالثبات في القضاء؟
1205	من هو الصحابي الذي أعطاه النبي مفتاح الكعبة يوم الفتح؟
1206	ما هي الغزوة التي قاد فيها النبي صلى الله عليه وسلم جيشًا قوامه عشرة آلاف مقاتل؟
1207	من هو الصحابي الذي كان يُلقب بذي النور؟
1208	من هو الصحابي الذي رافق النبي صلى الله عليه وسلم في الهجرة وكان أول من دخل المدينة؟
1209	من هو الصحابي الذي قتل فارس المشركين يوم بدر؟
1210	ما هو اسم أول مسجد بُني في الإسلام؟
1211	من هو الصحابي الذي لقبه النبي صلى الله عليه وسلم بالشهيد الحي؟
1212	ما هي السورة التي نزلت كاملة دفعة واحدة؟
1213	من هو الصحابي الذي أسلم بسبب دعاء النبي صلى الله عليه وسلم له؟
1214	ما هو اسم قائد المشركين في غزوة أحد؟
1215	من هو الصحابي الذي لقب بترجمان القرآن؟
2000	ما هو اول ما نزل من سورة آل عمران؟
2001	سورة النجم من السور المكية التنزيل الا اية واحدو نزلت بالمدينة فما هي؟
2002	سورة المرسلات من السور المكية التنزيل إلا آية واحدة بالمدينة فما هي؟
2003	سورة (ق) من السور المكية التنزيل إلا آية واحدة بالمدينة فما هي؟
2004	سورة يس من السور المكية التنزيل إلا آية واحدة بالمدينة فما هي؟
2005	سورة الحجر من السور المكية التنزيل إلا آية واحدة بالمدينة فما هي؟
2006	سورة سبأ من السور المكية التنزيل إلا آية واحدة بالمدينة فما هي؟
2007	سورة الزخرف من السور المكية التنزيل إلا آية واحدة بالمدينة فما هي؟
2008	سورة الجاثية من السور المكية التنزيل إلا آية واحدة بالمدينة فما هي؟
2009	سورة الروم من السور المكية التنزيل إلا آية واحدة بالمدينة فما هي؟
2010	الايات التي ظهرت فيها نون التوكيد المخففة؟
2011	من المقطوع بان القرآن نزل بلسان العرب وانه كتاب عربي وانه قد نزل علي امة عربي وانه عربي في اسلوبة وتركيبه فما الدليل علي ذلك من القران؟
2012	ما الأية الكريمة التي وردت بها عسي للتهديد ولم تقع؟
2013	ما في القرآن اية أجمع للخير و الشر من هذه الآية فما هذه الاية؟
2014	ما أعدل آية في القرآن الكريم؟
2015	ما هي الآية الاعظم فرجا في القرآن الكريم؟
2016	ما هي الاية الاكثر تفويضا وتوكلا علي الله تعالي؟
2017	كل سورة في اوائلها حروف التهجي فيليها ذكر الكتاب او التنزيل او القرآن الا ثلاث سور فما هي؟
2018	ما هي الاية من القران الكريم التي ابطلت بعض العادات السيئة و التقاليد الموروثة التي كانت متفشية في المجتمع الجاهلي مثل التبني و الظهار واعتقاد ان الرجل الذكي اللبيب له قلبان في جوفه؟
2019	ما هي اول اية في كتاب الله الخالد بعد البسملة؟
2020	ما الاية التي تحتوي علي كلمة من كلمات القران الكريم التي رسمت بالتاء المفتوحة و تكررت في موضعين في نفس الاية ؟
2021	ما هي الاية التي رسمت بها كلمة بقية بالتاء المفتوحة اتفاقا ؟
2022	ما هي الاية التي رسمت بها كلمة قرة بالتاء المفتوحة اتفاقا ؟
2023	ما هي الاية التي رسمت بها كلمة فطرة بالتاء المفتوحة اتفاقا ؟
2024	ما هو الموضع التي رسمت بها كلمة شجرة بالتاء المفتوحة اتفاقا ؟
2025	ما هي الاية التي رسمت بها كلمة جنة بالتاء المفتوحة و المتفق علي قراءتها بالافراد ؟
2026	ما هي الاية التي رسمت بها كلمة ابنة بالتاء المفتوحة اتفاقا ؟
2027	ما هي الايات التي رسمت بها كلمة معصية بالتاء المفتوحة اتفاقا ؟
2028	ما هي الايات التي رسمت بها كلمة لعنة بالتاء المفتوحة اتفاقا ؟
2029	ما هي الاية التي رسمت بها كلمة كلمة بالتاء المفتوحة و المتفق علي قراءتها بالافراد ؟
2030	ما هي الايات التي رسمت بها كلمة امرأة بالتاء المفتوحة اتفاقا ؟
2031	ما هي الايات التي رسمت بها كلمة نعمة بالتاء المفتوحة اتفاقا ؟
2032	ما هي الايات التي رسمت بها كلمة رحمة بالتاء المفتوحة اتفاقا ؟
2033	ما هي اسماء يوم القيامة التي وردت في القرأن الكريم؟
2034	كيف كانت حياة النبي عيسى (عليه السلام) بعد أن رفعه الله؟
2035	كيف كانت حياة النبي محمد قبل البعثة بالتفصيل؟
2036	ما هو عدد الأنبياء الذين أرسلهم الله؟
2037	لماذا تم اختيار مكة كمكان للبيت الحرام؟
2038	لماذا لا يذكر القرآن أسماء بعض الأنبياء في القصص؟
2039	كيف سيتحدد مصير الناس في الآخرة بالضبط؟
2040	ما هي صفات الجن بشكل كامل؟
2041	ما هو اسم فرعون؟
2042	لماذا لم يُذكر اسم فرعون في القرآن بشكل واضح؟
2043	كيف يتفاعل الجن مع البشر في الحياة اليومية؟
2044	حكم حلق اللحية؟
2045	الايات التي ذكرت المسيح الدجال من القران الكريم؟
2046	ما هي الاطعمة التي حرمها نبي الله يعقوب (اسرائيل) علي نفسه ؟
2047	هل اسم ملك الموت عزرائيل؟
2048	الايات التي وضحت ضرورة الختان؟
2049	الايات التي تحتوي علي لفظ كلمة التفاح ؟
2050	ما هي تفاصيل رحلة النبي إلى الطائف؟
2051	ما الدليل علي صحة السنة النبوية؟
2052	كيف كان النبي يربي أبناءه وبناته؟
2053	كيف كان النبي يعبر عن الشكر لله؟
2054	كيف كان يحث النبي على الإحسان إلى الجيران؟
2055	الاية التي ذكرت ثمرة من الثمرات و التي تعني الموز؟
2056	روي ان النبي صلي الله عليه وسلم خرج مع بعض اصحابه الي يهود بني النضير يستعينهم في امر فتامروا علي قتله وقتل اصحابه غدرا فنزل عليه جبريل عليه السلام يخبره بما دبروا في اي اية كريمة من ايات القران الكريم ذكر هذا؟
2057	كان الرسول صلي الله عليه و سلم يمزح ولكن لا يقول الا الحق ولا يلفظ الا لطيفا و مزاحه لا يخلو من تعليم و ارشاد كقوله للعجوز لا يدخل الجنة عجوز مشيرا الي الي اية في القران الكريم فما هذه الاية؟
2058	نبي كريم أرسل الله تعالي علي قومه حجارة ونجاه الله تعالي هو الذين اتبعوه من العذاب وقت السحر من هذا النبي؟
2059	في اي وقت نجي الله تعالي نبيه لوط عليه السلام من العذاب الذي حل علي قومه؟
2060	كان النبي يعاني عند نزول القرآن الكريم بشدة وكان يحاول انا يجاهد نفسه من اجل حفظ القران فيكرر القراءة مع جبريل حين يتلو عليه القرآن خشية ان ينساه فأمره الله تعالي بالإنصات عند قراءة جبريل عليه السلام عليه وطمأنه انه تعالي سيجعل القران هذا محفوظا في صدره فلا يتجعل في امره فما الديل علي هذا من القران ؟
2061	امر الله تعالي الرسول فيما اد به باللين و الرفق بامته فما الايات الدالة علي ذلك؟
2062	جاء في كتاب الله العزيز إخبارا عن نبي الله يعقوب عليه السلام موصيا ابنه بحفظ السر فما الآية الدالة علي ذلك؟
2063	ما بعث الله نبيا الا اخذ عليه ميثاق لئن بعث نبي اخر ليؤمنن به و ينصرنه هذا المعني ورد في آية كريمة في كتاب الله عز و جل فما هي؟
2064	لو رخص لاحد في ترك الذكر لرخص لزكريا عليه السلام فما الاية الدالة علي ذلك؟
2065	وجه الله تعالي نبيه الكريم صلي الله عليه وسلم الي الاكثار من الذكر و الصلاة اذا ضاق صدره من اعدائه ومما يكيدون قما الدليل علي ذلك؟
2066	أقسم الشيطان لآدم عليه السلام علي أنه ناصح له رغم أنه دعاه إلي المعصية فما الاية الدالة علي ذلك؟
2067	سخر الله تعالي الجن لنبيه سليمان عليه السلام فكانوا يقومون له بأعمال كثيرة فما الدليل علي ذلك؟
2068	لما أكل آدم عليه السلام من الشجرة التي حرمها الله تعالي عليه فبما دعا آدم هو وزوجته الله تعالي ليتوبوا اليه؟
2069	ذكر الله سبحانه وتعالي في كتابه العزيز ان نبيه ايوب عليه السلام مسه شر من الجن في اي اية ذكر هذا؟
2070	لما ارسل الله تعالي موسي و هارون عليهما السلام الي فرعون أرشدهما إلي العدة الحصينة و الزاد الاعظم فما هذا الزاد؟
2071	أخبر الله تعالي نبيه محمد صلي الله عليه و سلم أن المشركين قد عروفوا صدقك فيما تقول ولكنهم عاندوا و استكبروا فما الدليل علي هذا؟
2072	جمع الله تبارك و تعالي لنبيه صلي الله عليه و سلم جزامع الكلم في كتابه المحكم ونظم له مكارم الاخلاق كلها في كلمات عدة فما الاية الدالة علي ذلك؟
2073	لقد اثني الله تعالي علي عبد صابر في القران الكريم؟
2074	العدل من أبرز معالم شريعة الإسلام و قد بين القرآن ذلك عمليا في حادثة وقعت زمن الرسول صلي الله عليه وسلم وانتصف فيها القران ليهودي حيث ان كان هنالك رجل مسلم سرق درع فلما طلبت الدرع منه القاها في دار يهودي ثم اتهمه بالسرقة فاراد اهل المسلم ان يلحق النبي صلي الله عليه وسلم الخيانة باليهودي البرئ فما الايات التي اوضحت برائة اليهودي و خيانة المسلم؟
2075	ما النصائح التي امر بها الله شعيب ليقولها لقومه؟
2076	اخذ المشركون ينقضون عهودهم مع رسول الله فأمره الله تعالي ان ينبذ اليهم عهودهم وان يمهلهم اربعة اشهر ثم يحاربهم و الا يقاتل الا بعد الانذار ما الايات الدالة علي ذلك من  كتاب الله عز وجل؟
2077	آية كريمة في كتاب الله عز وجل اشتملت علي عتاب لطيق رقيق من الله تعالي لرسوله الكريم فيه تكريم ظاهر فقد وجههه الي الافضل في معاملة المنافقين بهذه الطريقة اللينة فما هي هذه الاية؟
2078	ما نص رسالة سيدنا سليمان عليه السلام إلي بلقيس ملكة سبأ؟
2079	ما اسم ملكة سبأ؟
2080	هنالك عبد شاكر قد اثني الله عليه ؟
2081	هل ابليس من الملائكة أم من الجن ؟
2082	الايات التي تدل علي تحريم الجمع بين المرأة وعمتها او خالتها؟
2084	الدليل علي تحريم القرابات من االرضاعة كابنة الاخ من الرضاعة؟
2085	اي اية قد ذكرت تحريم كل ذي ناب من السباع ؟
2086	ما الدليل علي تحريم كل ذي مخلب من الطير؟
2087	تحريم اكل لحم الحمار ما الاية التي تدل علي هذا؟
2088	ما هما الميتتان و الدمان المحلل اكلهما؟
2089	ما الايات التي شرع فيها الأذان و الإقامة؟
2090	ما الدليل علي تحريم زواج المتعة؟
2091	ما هو حد الردة؟
2092	ما هو حد شارب الخمر؟
2093	ما حد الرجم في الإسلام؟
2094	ما الدليل علي سقوط الصلاة عن الحائض والنفساء ؟
2095	تحريم لبس الحرير والذهب على الرجال ما الاية التي تدل علي ذلك؟
2096	ما الاية التي ذكر بها تحريم استعمال أواني الذهب والفضة على الرجال والنساء؟
2097	حقيقة ان عقوبة من يفعل فعل قوم لوط اي الشذوذ الجنسي هو القتل؟
2098	ما هو عذاب قوم لوط؟
2099	الايات التي ذكر بها نباتات؟
2100	هل ذكر الطرفاء اي الأثل في القران الكريم ؟
2101	الاية التي ذكر بها الخمط أي الآراك و المعروف ايضا بالسواك؟
2102	ما الاية التي ذكر بها البصل؟
2103	ما الاية التي ذكر بها الثوم و المعروف ايضا بالفوم؟
2104	ذكر الخردل في القران الكريم ما الدليل علي ذلك؟
2105	ذكر الرمان في القران الكريم فما الاية التي ذكر بها؟
2106	ذكر الريحان مرتين في القران الكريم فما الايات التي ذكر فيها؟
2107	ذكر الزيتون عدة مرات في صور مختلفة في القران الكريم فما الايات؟
2108	ما الاية التي ورد بها التين؟
2109	ذكر نبات السدر المعروف بالنبق مرتين في القران الكريم ما الدليل علي هذا؟
2110	ذكر نبات السمر اي السمرة و المعروف بالعضاة ولكن بشكل غير مباشر في القران الكريم في اي اية حدث هذا؟
2111	اية ذكر بها نبات العدس؟
2112	نبات ذو شوك لاصق بالارض ينبت في الصحاري يسمي الضريع ذكر مرة بالقران ما الدليل علي ذلك؟
2113	ما الاية التي ذكر بها الزنجبيل؟
2114	نبات اليقطين المعروف بالقرع او الدباء ذكر في اية واحدة في القران الكريم فما هي؟
2115	اية ذكر بها نبات القثاء اي الفقوس الذي يشبه الخيار ؟
2116	ما الاية التي ذكر بها الكافور؟
2117	ما هي الاية التي ذكرت الرطب؟
2118	ذكر النخل كثير من المرات فيالقران الكريم بمختلف مسمياته فما الدليل؟
2119	ذكر العنب بمسميات عدة في القران الكريم فما هي؟
2120	كم عدد خزنة جهنم؟
2121	من هو رئيس ملائكة جهنم؟
2122	الملائكة جند الله يحملون عرش الرحمن ويسبحون بحمده سبحانه وتعالي و يستغفرون للمؤمنين ورد هذا المعني في آية كريمة من آيات القرآن الكريم فما هي؟
2123	شرع الاسلام الجهاد لحماية حقوق الانسان ومنع استضعافه و البغي علي ذاته وحقوقه ما الية التي ورد بها هذا؟
2124	المؤمنون في اي مكان مأمورون بمظاهرة صاحب الحق في طلبه و النضال لأجله وفي كتاب الله العزيز آية كريمة تدعو إلي مناصرة الحق و الضرب علي يد الظالم الباغي فما هي الآية؟
2125	عبر القرآن الكريم في جلاء أن الأخوة ثمرة الإيمان الصادق الصحيح فما هي الآية علي ذلك؟
2126	شمل تقرير حقوق الإنسان في الإسلام المسلمين و غير المسلمين في داخل دولة الإسلام وخارجها لأن البر في الاسلام انساني عالمي في كتاب الله تعالي آية بهذا المعني فما هي؟
2127	قرن الله تعالي الشكر بالايمان و اخبر تعالي انه لا غرض له في عذاب خلقه أن شكروا و آمنوا به في كتاب الله تعالي اية بهذا المعني فما هي؟
2128	الاسلام يريد من المسلم أن يكون قويا عزيزا كريما يعيش من كده و عرق جبينه حتي لا يحتاج الي المسالة لان المسالة مذلة وقد وجه القران المسلم الي العمل ما الدليل علي ذلك ؟
2129	بم سمي الله عز وجل يوم النحر الذي يوافق يوم العاشر من ذي الحجة؟
2130	في اية كريمة من ايات القران الكريم قسم الاسلام العالم البشري الي قسمين هما اولياء الله و اولياء الشيطان فما هي الاية الكريمة التي ورد بها هذا المعني؟
2131	ذكر النبي محمد صلي الله عليه وسلم مرتين باسم الرسالة اثبت هذا
2132	ما هي الاوامر و النواهي التي قالها لقمان لابنه؟
2133	كيف القي الله سبحانه وتعالي المحبة علي موسي عليه السلام؟
2134	ماذا قال مؤمن آل فرعون الي آل فرعون؟
2135	قد وهب الله تعالي داوود عليه السلام صوت جميل استثمره في طاعة الله سبحانه و تعالي فعندما كان يسبح الله كانت الجبال تسبح معه و الطير تردد تسبيحه ما الدليل من القران الكريم يثبت صحة هذا؟
2136	هدي الله تعالي سيدنا سليمان عليه السلام للاستفادة من معدن النحاس
2137	هدي الله تعالي سيدنا داوود عليه السلام للاستفادة من معدن الحديد
2138	هل يجوز الزواج من طليقة الابن المتبني؟
2139	ما الاية الكريمة التي جعلت النبي صلي الله عليه و سلم يترك الدعاء علي المشركين؟
2140	كيف اعترف اخوة يوسف بخطئهم؟
2141	استنكر الانبياء علي أقوامهم عدم التقوي فقال كل منهم لقومه ألا تتقون ما الايات التي تدل علي ذلك؟
2142	ماذا قالت النملة لباقي النمل عندما شاهدت سيدنا سليمان عليه السلام والجند الذي معه؟
2143	كيف تعلم الانسان من الغراب؟
2144	عرف الانسان الغزل منذ القدم وقد اشارت ايات من القران الكريم الي هذه الصناعة في ثلاث ايات فما هي؟
2145	الصياغة هي مهنة الصائغ التي يحيل فيها المعادن من ذهب وفضة ونحاس وخلاف ذلك الي حلي و زينة فما هي الايات التي اشارت الي هذه المهنة؟
2146	من المهن القدية التي اشارت اليها ايات القران الكريم مهنة صناعة الزجاج فما الاية التي اشارت الي هذه المهنة؟
2147	مهنة الجزارة ذكرت في القران دلل هذا؟
2148	مهنة صيد السمك ذكرت في القران دلل هذا؟
2149	اشير في القران الي مهنة النحت ما الايات التي ذكرت هذه المهنة؟
2150	اشير في القران الي مهنة الخياطة ما الايات التي ذكرت هذه المهنة؟
2151	مهنة الملاحة مذكورة القران الكريم دلل علي هذا
2152	مهنة الحدادة و صناعة الدروع مذكورة في القران المجيد دلل علي هذا
2153	من المهن العظيمة التي اشار اليها القران الكريم هي مهنة بناء السدود فما اليات التي اشارت الي هذه المهنة؟
2154	قد ذكر الله سبحانه وتعالي في كتابه العزيز مهنة البناء فما هي الايات التي تمت الاشارة فيها الي هذه المهنة العظيمة؟
2155	مهنة صناعة السفن مذكورة في القران اثبث هذا
2156	ما الديل علي ان اهل مدين هم اصحاب الايكة؟
2157	بما دعا سحرة فرعون بعد تهديد فرعون لهم بعد ان امنوا بالله تعالي؟
2158	 نبي الله يحيي عليه السلام اتاه الله تعالي الفهم لكتاب الله قبل بلوغه سن الرجال
2159	قال تعالي عن خمسة انبياء انه قد اعتاه الحكم و العلم فما الايات الدالة علي هذا؟
2160	في كتاب الله عز و جل 3 ايات اشارت الي ان الله سبحانه وتعالي سخر الريح ليسدنا سليمان فما هي الايات؟
2161	ذكر النبي محمد عليه الصلاة و السلام 13 مرة باسم النبوة في القران ما هي الايات هذه؟
2162	   ما رد فعل سيدنا سليمان تجاه النملة عندما قالت لباقي النمل ادخلوا مسكانكم حتي لا يحطمكم سليمان و جنوده دون قصد او عمد؟
101	من هم قوم شعيب؟